call_ts,timeout_ms,result_ts,seconds,first_line,pending,done
2026-09-22T14:38:42.332Z,600000,2026-09-22T14:38:42.756Z,0.4,TO_SUBMIT=2,0,0
2026-09-22T14:38:51.763Z,600000,2026-09-22T14:47:52.907Z,541.1,WAIT_RC=124,2,0
2026-09-22T14:47:58.229Z,600000,2026-09-22T14:56:58.565Z,540.3,WAIT_RC=124,2,0
2026-09-22T14:57:03.666Z,600000,2026-09-22T15:06:05.169Z,541.5,WAIT_RC=124,2,0
2026-09-22T15:06:10.155Z,600000,2026-09-22T15:15:11.387Z,541.2,WAIT_RC=124,2,0
2026-09-22T15:15:16.350Z,600000,2026-09-22T15:24:17.594Z,541.2,WAIT_RC=124,2,0
2026-09-22T15:24:22.382Z,600000,2026-09-22T15:33:23.269Z,540.9,WAIT_RC=124,2,0
2026-09-22T15:33:28.128Z,600000,2026-09-22T15:42:29.126Z,541.0,WAIT_RC=124,2,0
2026-09-22T15:42:34.219Z,600000,2026-09-22T15:51:35.011Z,540.8,WAIT_RC=124,2,0
2026-09-22T15:51:40.162Z,600000,2026-09-22T16:00:40.905Z,540.7,WAIT_RC=124,2,0
2026-09-22T16:00:45.720Z,600000,2026-09-22T16:09:46.437Z,540.7,WAIT_RC=124,2,0
2026-09-22T16:09:51.438Z,600000,2026-09-22T16:18:52.737Z,541.3,WAIT_RC=124,2,0
2026-09-22T16:18:57.817Z,600000,2026-09-22T16:27:58.972Z,541.2,WAIT_RC=124,2,0
2026-09-22T16:28:04.173Z,600000,2026-09-22T16:37:05.062Z,540.9,WAIT_RC=124,2,0
2026-09-22T16:37:10.194Z,600000,2026-09-22T16:39:37.589Z,147.4,Exit code 137,0,0
