suite	mutation	control	verdict	probe
production	attempt kill infers ownership from missing group shape	PASS	KILLED	tests/fake/test_review_pr131_round6b_authority.py::test_failed_confirmation_cannot_promote_retained_group_to_signal_authority[unavailable-marker-attempt]
production	probe kill infers ownership from missing group shape	PASS	KILLED	tests/fake/test_review_pr131_round6b_authority.py::test_failed_confirmation_cannot_promote_retained_group_to_signal_authority[unavailable-marker-probe]
production	leader reuse discharges an unconfirmed sampled group	PASS	KILLED	tests/fake/test_review_pr131_round6b.py::test_group_sampled_after_pid_reuse_is_not_paired_with_the_old_identity[marker-False]
production	dead identity discharges an unconfirmed sampled group	PASS	KILLED	tests/fake/test_review_pr131_round6b.py::test_group_sampled_after_pid_reuse_is_not_paired_with_the_old_identity[marker-False]
production	shared cwd mistakes another attempt for a writer	PASS	KILLED	tests/unit/test_ci131_marker_scope.py::test_shared_cwd_excludes_only_an_identified_different_attempt[True]
production	shared root mistakes another attempt for a writer	PASS	KILLED	tests/fake/test_ci131_marker_finalization.py::test_completed_run_finalizes_with_parent_attempt_still_live[turn-and-waiter]
production	failed confirmation drops the conservative group	PASS	KILLED	tests/fake/test_review_pr131_round5.py::test_group_capture_race_keeps_children_of_observed_writer[reaped-marker-False]
production	later observations reuse the old identity	PASS	KILLED	tests/fake/test_review_pr131_round4.py::test_later_source_must_not_use_a_reused_pids_old_table_incarnation[S-marker-False]
production	later observations inherit the old zombie verdict	PASS	KILLED	tests/fake/test_review_pr131_round4.py::test_later_source_must_not_use_a_reused_pids_old_table_incarnation[Z-marker-False]
production	later observations inherit the old group	PASS	KILLED	tests/unit/test_census_interleavings.py::test_all_three_reads_retain_distinct_incarnations_of_one_pid
production	missing start identity treated as absence	PASS	KILLED	tests/unit/test_census_interleavings.py::test_listed_missing_start_is_an_uncertain_root_until_absence[group]
production	paced inspection forgets missing starts	PASS	KILLED	tests/fake/test_review_pr131_round4.py::test_paced_inspection_keeps_a_listed_descendant_with_missing_start[False]
production	late observations lack durable roots	PASS	KILLED	tests/fake/test_quarantine_detached_writers.py::test_late_observation_retains_identity_and_group_before_quarantine[marker-False]
production	cwd kernel aliases ignored	PASS	KILLED	tests/unit/test_procs.py::test_cwd_uses_kernel_spelling_for_case_unicode_and_firmlink_aliases
production	reused guardian root proves provider publication	PASS	KILLED	tests/fake/test_quarantine_detached_writers.py::test_reused_guardian_census_root_cannot_prove_provider_publication[False]
production	failed identity observations forgotten	PASS	KILLED	tests/fake/test_quarantine_detached_writers.py::test_a_listed_descendant_survives_failed_identity_capture
production	saved lineage identities ignored	PASS	KILLED	tests/unit/test_procs.py::test_saved_identity_follows_a_writer_after_it_changes_group
production	saved lineage groups ignored	PASS	KILLED	tests/fake/test_quarantine_detached_writers.py::test_observed_detached_lineage_and_group_survive_parent_exit[False-inspection]
production	cwd writer excluded from live census	PASS	KILLED	tests/unit/test_procs.py::test_cwd_only_writer_participates_in_verified_empty
production	partial markers discarded	PASS	KILLED	tests/unit/test_procs.py::test_either_exact_marker_holds_without_disclosing_environment
production	legacy owned provider cannot discharge	PASS	KILLED	tests/fake/test_quarantine_detached_writers.py::test_legacy_kill_owned_provider_discharges_without_force[False]
production	lineage overflow silently releases	PASS	KILLED	tests/fake/test_quarantine_detached_writers.py::test_lineage_limit_keeps_newest_and_overflow_holds_until_proven_reboot
production	corrupt diagnostic boots accepted as ownership proof	PASS	KILLED	tests/fake/test_quarantine_review_fixes.py::test_corrupt_diagnostic_boot_observations_do_not_pin_an_empty_census
production	same-boot reboot gate restored	PASS	KILLED	tests/fake/test_review_pr131_round2.py::test_empty_same_boot_census_releases_within_one_pace_after_restart
production	marker scan ignored	PASS	KILLED	tests/fake/test_review_pr131_round2.py::test_forked_child_keeping_markers_holds_across_many_paces_after_parent_exits
production	missing child publication accepted	PASS	KILLED	tests/fake/test_review_pr131_round2.py::test_real_legacy_start_format_holds_unobserved_child_after_guardian_dies[False-False]
production	retained group descendant roots omitted	PASS	KILLED	tests/fake/test_review_pr131_round2.py::test_census_walks_descendants_of_a_recycled_orphan_group_member
production	pre-reboot group roots retained	PASS	KILLED	tests/fake/test_review_pr131_round2.py::test_pre_reboot_roots_do_not_own_new_boot_processes[False-group]
production	unverifiable census accepted	PASS	KILLED	tests/fake/test_quarantine_self_resolve.py::test_live_or_unverifiable_census_never_releases_across_many_paces[True]
production	PID reuse ignored	PASS	KILLED	tests/fake/test_quarantine_self_resolve.py::test_pid_reuse_with_different_start_time_counts_as_gone
production	leases retained after release	PASS	KILLED	tests/fake/test_quarantine_self_resolve.py::test_writer_exit_frees_every_lease_saves_salvage_and_admits_waiting_turn
production	durable pace disabled	PASS	KILLED	tests/fake/test_quarantine_self_resolve.py::test_live_or_unverifiable_census_never_releases_across_many_paces[False]
production	salvage receipt ignored	PASS	KILLED	tests/fake/test_quarantine_self_resolve.py::test_restart_mid_resolution_resumes_without_double_salvage[quarantine-saved]
oracle	S1 ignores writers after markers disappear	PASS	KILLED	tests/fake/test_quarantine_process_world.py::test_unconditional_s1_has_the_documented_invisible_writer_counterexample
oracle	S2 accepts confirmed foreign-group identities	PASS	KILLED	tests/fake/test_review_pr131_round7_model.py::test_s2_oracle_rejects_foreign_group_signal
oracle	S2 rejects a confirmed previously owned escape	PASS	KILLED	tests/fake/test_review_pr131_round7_model.py::test_previously_owned_escape_is_a_valid_signal_target[attempt]
oracle	S1 accepts losing one protected lease	PASS	KILLED	tests/fake/test_review_pr131_round7_model.py::test_s1_oracle_rejects_loss_of_one_protected_lease[worktree:]
