module	passed
tests.fake.test_ci131_marker_finalization	2
tests.fake.test_quarantine_detached_writers	24
tests.fake.test_quarantine_identity_invariants	1
tests.fake.test_quarantine_review_fixes	38
tests.fake.test_quarantine_self_resolve	12
tests.fake.test_review_pr131_migration	1
tests.fake.test_review_pr131_probes	21
tests.fake.test_review_pr131_round2	31
tests.fake.test_review_pr131_round3	7
tests.fake.test_review_pr131_round4	10
tests.fake.test_review_pr131_round5	24
tests.fake.test_review_pr131_round6	16
tests.fake.test_review_pr131_round6b	16
tests.fake.test_review_pr131_round6b_authority	8
tests.fake.test_review_pr131_round7_model	23
tests.unit.test_census_interleavings	8
tests.unit.test_ci131_marker_scope	17
tests.unit.test_procs	96
tests.unit.test_quarantine_migration	1
tests.unit.test_quarantine_mutations	6
tests.unit.test_quarantine_pacing_store	1
tests.unit.test_review_pr131_census_property	1
TOTAL	364
